Phase,Activity,Type,Category,Total,Correct,Wrong,% Correct,% Wrong,Avg Time,Next Low,Next Moderate,Next High
Εμπλοκή μαθητών,Δραστηριότητα 1,Question,High,103,53,50,51.5,48.5,50.9,Επεξήγηση 1,Επεξήγηση 1,Δραστηριότητα 2
Εμπλοκή μαθητών,Δραστηριότητα 1,Question,Moderate,483,231,252,47.8,52.2,51.8,Επεξήγηση 1,Επεξήγηση 1,Δραστηριότητα 2
Εμπλοκή μαθητών,Δραστηριότητα 1,Question,Low,174,0,174,0.0,100.0,53.1,Επεξήγηση 1,Επεξήγηση 1,Δραστηριότητα 2
Εμπλοκή μαθητών,Δραστηριότητα 2,Question,High,103,103,0,100.0,0.0,32.1,Δραστηριότητα 3,Δραστηριότητα 3,Δραστηριότητα 3
Εμπλοκή μαθητών,Δραστηριότητα 2,Question,Moderate,483,338,145,70.0,30.0,35.0,Δραστηριότητα 3,Δραστηριότητα 3,Δραστηριότητα 3
Εμπλοκή μαθητών,Δραστηριότητα 2,Question,Low,156,0,156,0.0,100.0,32.1,Δραστηριότητα 3,Δραστηριότητα 3,Δραστηριότητα 3
Εμπλοκή μαθητών,Δραστηριότητα 3,Question,High,103,103,0,100.0,0.0,31.0,Πείραμα μετά την Δραστηριοτητα 3 ,Επεξήγηση Δραστηριοτητας 3,Δραστηριότητα 4
Εμπλοκή μαθητών,Δραστηριότητα 3,Question,Moderate,481,73,408,15.2,84.8,23.1,Πείραμα μετά την Δραστηριοτητα 3 ,Επεξήγηση Δραστηριοτητας 3,Δραστηριότητα 4
Εμπλοκή μαθητών,Δραστηριότητα 3,Question,Low,156,0,156,0.0,100.0,16.1,Πείραμα μετά την Δραστηριοτητα 3 ,Επεξήγηση Δραστηριοτητας 3,Δραστηριότητα 4
Εμπλοκή μαθητών,Πείραμα,Experiment,High,48,,,0.0,0.0,182.8,Δραστηριότητα 1 α,Δραστηριότητα 1 α,Δραστηριότητα 1 α
Εμπλοκή μαθητών,Πείραμα,Experiment,Moderate,180,,,0.0,0.0,216.0,Δραστηριότητα 1 α,Δραστηριότητα 1 α,Δραστηριότητα 1 α
Εμπλοκή μαθητών,Πείραμα,Experiment,Low,101,,,0.0,0.0,174.2,Δραστηριότητα 1 α,Δραστηριότητα 1 α,Δραστηριότητα 1 α
Εμπλοκή μαθητών,Δραστηριότητα 1 α,Question,High,49,35,14,71.4,28.6,29.8,Δραστηριότητα 1 β,Δραστηριότητα 1 β,Δραστηριότητα 1 β
Εμπλοκή μαθητών,Δραστηριότητα 1 α,Question,Moderate,224,146,78,65.2,34.8,27.3,Δραστηριότητα 1 β,Δραστηριότητα 1 β,Δραστηριότητα 1 β
Εμπλοκή μαθητών,Δραστηριότητα 1 α,Question,Low,128,86,42,67.2,32.8,32.1,Δραστηριότητα 1 β,Δραστηριότητα 1 β,Δραστηριότητα 1 β
Εμπλοκή μαθητών,Δραστηριότητα 1 β,Question,High,49,22,27,44.9,55.1,36.8,"Δραστηριότητα 2, Επεξήγηση 2","Δραστηριότητα 2, Επεξήγηση 2","Δραστηριότητα 2, Επεξήγηση 2"
Εμπλοκή μαθητών,Δραστηριότητα 1 β,Question,Moderate,224,92,132,41.1,58.9,38.7,"Δραστηριότητα 2, Επεξήγηση 2","Δραστηριότητα 2, Επεξήγηση 2","Δραστηριότητα 2, Επεξήγηση 2"
Εμπλοκή μαθητών,Δραστηριότητα 1 β,Question,Low,125,41,84,32.8,67.2,49.5,"Δραστηριότητα 2, Επεξήγηση 2","Δραστηριότητα 2, Επεξήγηση 2","Δραστηριότητα 2, Επεξήγηση 2"
Εμπλοκή μαθητών,Επεξήγηση 1,Guidance,High,50,,,0.0,0.0,9.7,Πείραμα,Πείραμα,Πείραμα
Εμπλοκή μαθητών,Επεξήγηση 1,Guidance,Moderate,184,,,0.0,0.0,14.3,Πείραμα,Πείραμα,Πείραμα
Εμπλοκή μαθητών,Επεξήγηση 1,Guidance,Low,110,,,0.0,0.0,11.0,Πείραμα,Πείραμα,Πείραμα
Εμπλοκή μαθητών,Επεξήγηση 2,Explanation,High,26,,,0.0,0.0,14.3,Δραστηριότητα 2,Δραστηριότητα 2,Δραστηριότητα 2
Εμπλοκή μαθητών,Επεξήγηση 2,Explanation,Moderate,107,,,0.0,0.0,16.7,Δραστηριότητα 2,Δραστηριότητα 2,Δραστηριότητα 2
Εμπλοκή μαθητών,Επεξήγηση 2,Explanation,Low,63,,,0.0,0.0,17.8,Δραστηριότητα 2,Δραστηριότητα 2,Δραστηριότητα 2
Εμπλοκή μαθητών,Πείραμα μετά την Δραστηριοτητα 3 ,Experiment,High,2,,,0.0,0.0,71.0,Δραστηριότητα 4,Δραστηριότητα 4,Δραστηριότητα 4
Εμπλοκή μαθητών,Πείραμα μετά την Δραστηριοτητα 3 ,Experiment,Moderate,77,,,0.0,0.0,233.4,Δραστηριότητα 4,Δραστηριότητα 4,Δραστηριότητα 4
Εμπλοκή μαθητών,Πείραμα μετά την Δραστηριοτητα 3 ,Experiment,Low,114,,,0.0,0.0,192.5,Δραστηριότητα 4,Δραστηριότητα 4,Δραστηριότητα 4
Εμπλοκή μαθητών,Επεξήγηση Δραστηριοτητας 3,Explanation,High,7,,,0.0,0.0,12.0,Δραστηριότητα 4,Δραστηριότητα 4,Δραστηριότητα 4
Εμπλοκή μαθητών,Επεξήγηση Δραστηριοτητας 3,Explanation,Moderate,305,,,0.0,0.0,11.1,Δραστηριότητα 4,Δραστηριότητα 4,Δραστηριότητα 4
Εμπλοκή μαθητών,Επεξήγηση Δραστηριοτητας 3,Explanation,Low,3,,,0.0,0.0,30.0,Δραστηριότητα 4,Δραστηριότητα 4,Δραστηριότητα 4
Υπόθεση,Δραστηριότητα 4,Question,High,169,169,0,100.0,0.0,24.2,Δραστηριότητα 5,Δραστηριότητα 5,Δραστηριότητα 5
Υπόθεση,Δραστηριότητα 4,Question,Moderate,283,199,84,70.3,29.7,24.0,Δραστηριότητα 5,Δραστηριότητα 5,Δραστηριότητα 5
Υπόθεση,Δραστηριότητα 4,Question,Low,165,0,165,0.0,100.0,24.2,Δραστηριότητα 5,Δραστηριότητα 5,Δραστηριότητα 5
Υπόθεση,Δραστηριότητα 5,Question,High,169,169,0,100.0,0.0,18.0,Πείραμα-υπόθεση,Επεξήγηση Δραστηριότητας 5,Πείραμα 1
Υπόθεση,Δραστηριότητα 5,Question,Moderate,282,84,198,29.8,70.2,23.6,Πείραμα-υπόθεση,Επεξήγηση Δραστηριότητας 5,Πείραμα 1
Υπόθεση,Δραστηριότητα 5,Question,Low,162,0,162,0.0,100.0,17.7,Πείραμα-υπόθεση,Επεξήγηση Δραστηριότητας 5,Πείραμα 1
Υπόθεση,Πείραμα-υπόθεση,Experiment,High,2,,,0.0,0.0,103.5,Δραστηριότητα 5 α,Δραστηριότητα 5 α,Δραστηριότητα 5 α
Υπόθεση,Πείραμα-υπόθεση,Experiment,Moderate,3,,,0.0,0.0,22.0,Δραστηριότητα 5 α,Δραστηριότητα 5 α,Δραστηριότητα 5 α
Υπόθεση,Πείραμα-υπόθεση,Experiment,Low,126,,,0.0,0.0,118.7,Δραστηριότητα 5 α,Δραστηριότητα 5 α,Δραστηριότητα 5 α
Υπόθεση,Δραστηριότητα 5 α,Question,High,2,0,2,0.0,100.0,33.5,"Δραστηριότητα 5 β, Επεξήγηση δραστηριότητας 5α","Δραστηριότητα 5 β, Επεξήγηση δραστηριότητας 5α","Δραστηριότητα 5 β, Επεξήγηση δραστηριότητας 5α"
Υπόθεση,Δραστηριότητα 5 α,Question,Moderate,1,1,0,100.0,0.0,12.0,"Δραστηριότητα 5 β, Επεξήγηση δραστηριότητας 5α","Δραστηριότητα 5 β, Επεξήγηση δραστηριότητας 5α","Δραστηριότητα 5 β, Επεξήγηση δραστηριότητας 5α"
Υπόθεση,Δραστηριότητα 5 α,Question,Low,223,89,134,39.9,60.1,32.5,"Δραστηριότητα 5 β, Επεξήγηση δραστηριότητας 5α","Δραστηριότητα 5 β, Επεξήγηση δραστηριότητας 5α","Δραστηριότητα 5 β, Επεξήγηση δραστηριότητας 5α"
Υπόθεση,Δραστηριότητα 5 β,Question,High,2,1,1,50.0,50.0,13.0,Επεξήγηση δραστηριότητας 5β,Επεξήγηση δραστηριότητας 5β,Πείραμα 1
Υπόθεση,Δραστηριότητα 5 β,Question,Moderate,1,1,0,100.0,0.0,6.0,Επεξήγηση δραστηριότητας 5β,Επεξήγηση δραστηριότητας 5β,Πείραμα 1
Υπόθεση,Δραστηριότητα 5 β,Question,Low,221,81,140,36.7,63.3,23.6,Επεξήγηση δραστηριότητας 5β,Επεξήγηση δραστηριότητας 5β,Πείραμα 1
Υπόθεση,Επεξήγηση Δραστηριότητας 5,Explanation,High,2,,,0.0,0.0,40.0,Πείραμα 1,Πείραμα 1,Πείραμα 1
Υπόθεση,Επεξήγηση Δραστηριότητας 5,Explanation,Moderate,226,,,0.0,0.0,24.2,Πείραμα 1,Πείραμα 1,Πείραμα 1
Υπόθεση,Επεξήγηση Δραστηριότητας 5,Explanation,Low,5,,,0.0,0.0,21.8,Πείραμα 1,Πείραμα 1,Πείραμα 1
Υπόθεση,Βοήθεια Δασκάλου,Guidance,High,0,,,,,,,,
Υπόθεση,Βοήθεια Δασκάλου,Guidance,Moderate,0,,,,,,,,
Υπόθεση,Βοήθεια Δασκάλου,Guidance,Low,0,,,,,,,,
Υπόθεση,Επεξήγηση δραστηριότητας 5α,Explanation,High,2,,,0.0,0.0,10.5,Δραστηριότητα 5 β,Δραστηριότητα 5 β,Δραστηριότητα 5 β
Υπόθεση,Επεξήγηση δραστηριότητας 5α,Explanation,Moderate,0,,,,,,Δραστηριότητα 5 β,Δραστηριότητα 5 β,Δραστηριότητα 5 β
Υπόθεση,Επεξήγηση δραστηριότητας 5α,Explanation,Low,83,,,0.0,0.0,11.0,Δραστηριότητα 5 β,Δραστηριότητα 5 β,Δραστηριότητα 5 β
Υπόθεση,Επεξήγηση δραστηριότητας 5β,Explanation,High,2,,,0.0,0.0,9.5,Πείραμα 1,Πείραμα 1,Πείραμα 1
Υπόθεση,Επεξήγηση δραστηριότητας 5β,Explanation,Moderate,0,,,,,,Πείραμα 1,Πείραμα 1,Πείραμα 1
Υπόθεση,Επεξήγηση δραστηριότητας 5β,Explanation,Low,109,,,0.0,0.0,8.8,Πείραμα 1,Πείραμα 1,Πείραμα 1
Πείραμα,Πείραμα 1,Experiment,High,191,,,0.0,0.0,173.0,Δραστηριότητα 6,Δραστηριότητα 6,Δραστηριότητα 6
Πείραμα,Πείραμα 1,Experiment,Moderate,253,,,0.0,0.0,135.4,Δραστηριότητα 6,Δραστηριότητα 6,Δραστηριότητα 6
Πείραμα,Πείραμα 1,Experiment,Low,124,,,0.0,0.0,129.0,Δραστηριότητα 6,Δραστηριότητα 6,Δραστηριότητα 6
Πείραμα,Δραστηριότητα 6,Question,High,204,94,110,46.1,53.9,39.7,Πείραμα μετά την Δραστηριότητα 6 - 2,Πείραμα μετά την Δραστηριότητα 6 - 1,Πείραμα 2
Πείραμα,Δραστηριότητα 6,Question,Moderate,306,119,187,38.9,61.1,33.5,Πείραμα μετά την Δραστηριότητα 6 - 2,Πείραμα μετά την Δραστηριότητα 6 - 1,Πείραμα 2
Πείραμα,Δραστηριότητα 6,Question,Low,142,0,142,0.0,100.0,33.1,Πείραμα μετά την Δραστηριότητα 6 - 2,Πείραμα μετά την Δραστηριότητα 6 - 1,Πείραμα 2
Πείραμα,Πείραμα μετά την Δραστηριότητα 6 - 1,Experiment,High,95,,,0.0,0.0,66.7,Πείραμα 2,Πείραμα 2,Πείραμα 2
Πείραμα,Πείραμα μετά την Δραστηριότητα 6 - 1,Experiment,Moderate,79,,,0.0,0.0,29.5,Πείραμα 2,Πείραμα 2,Πείραμα 2
Πείραμα,Πείραμα μετά την Δραστηριότητα 6 - 1,Experiment,Low,9,,,0.0,0.0,56.3,Πείραμα 2,Πείραμα 2,Πείραμα 2
Πείραμα,Πείραμα μετά την Δραστηριότητα 6 - 2,Experiment,High,3,,,0.0,0.0,21.3,Πείραμα 2,Πείραμα 2,Πείραμα 2
Πείραμα,Πείραμα μετά την Δραστηριότητα 6 - 2,Experiment,Moderate,63,,,0.0,0.0,85.4,Πείραμα 2,Πείραμα 2,Πείραμα 2
Πείραμα,Πείραμα μετά την Δραστηριότητα 6 - 2,Experiment,Low,92,,,0.0,0.0,42.5,Πείραμα 2,Πείραμα 2,Πείραμα 2
Πείραμα,Πείραμα 2,Experiment,High,191,,,0.0,0.0,71.4,Δραστηριότητα 7,Δραστηριότητα 7,Δραστηριότητα 7
Πείραμα,Πείραμα 2,Experiment,Moderate,241,,,0.0,0.0,56.6,Δραστηριότητα 7,Δραστηριότητα 7,Δραστηριότητα 7
Πείραμα,Πείραμα 2,Experiment,Low,102,,,0.0,0.0,43.5,Δραστηριότητα 7,Δραστηριότητα 7,Δραστηριότητα 7
Πείραμα,Δραστηριότητα 7,Question,High,204,204,0,100.0,0.0,25.7,Πείραμα μετά την Δραστηριότητα 7,Επεξήγηση Δραστηριότητας 7,Δραστηριότητα 8
Πείραμα,Δραστηριότητα 7,Question,Moderate,290,71,219,24.5,75.5,22.3,Πείραμα μετά την Δραστηριότητα 7,Επεξήγηση Δραστηριότητας 7,Δραστηριότητα 8
Πείραμα,Δραστηριότητα 7,Question,Low,115,0,115,0.0,100.0,24.2,Πείραμα μετά την Δραστηριότητα 7,Επεξήγηση Δραστηριότητας 7,Δραστηριότητα 8
Πείραμα,Πείραμα μετά την Δραστηριότητα 7,Experiment,High,4,,,0.0,0.0,75.2,Δραστηριότητα 8,Δραστηριότητα 8,Δραστηριότητα 8
Πείραμα,Πείραμα μετά την Δραστηριότητα 7,Experiment,Moderate,170,,,0.0,0.0,26.0,Δραστηριότητα 8,Δραστηριότητα 8,Δραστηριότητα 8
Πείραμα,Πείραμα μετά την Δραστηριότητα 7,Experiment,Low,94,,,0.0,0.0,27.3,Δραστηριότητα 8,Δραστηριότητα 8,Δραστηριότητα 8
Πείραμα,Επεξήγηση Δραστηριότητας 7,Explanation,High,0,,,,,,Δραστηριότητα 8,Δραστηριότητα 8,Δραστηριότητα 8
Πείραμα,Επεξήγηση Δραστηριότητας 7,Explanation,Moderate,3,,,0.0,0.0,5.7,Δραστηριότητα 8,Δραστηριότητα 8,Δραστηριότητα 8
Πείραμα,Επεξήγηση Δραστηριότητας 7,Explanation,Low,0,,,,,,Δραστηριότητα 8,Δραστηριότητα 8,Δραστηριότητα 8
Αναστοχασμός,Δραστηριότητα 8,Question,High,194,75,119,38.7,61.3,37.5,Δραστηριότητα 9,Δραστηριότητα 9,Δραστηριότητα 9
Αναστοχασμός,Δραστηριότητα 8,Question,Moderate,262,74,188,28.2,71.8,30.4,Δραστηριότητα 9,Δραστηριότητα 9,Δραστηριότητα 9
Αναστοχασμός,Δραστηριότητα 8,Question,Low,81,21,60,25.9,74.1,28.4,Δραστηριότητα 9,Δραστηριότητα 9,Δραστηριότητα 9
Αναστοχασμός,Δραστηριότητα 9,Experiment,High,194,,,0.0,0.0,97.3,Εξάρτηση περιόδου από μάζα,Εξάρτηση περιόδου από μάζα,Εξάρτηση περιόδου από μάζα
Αναστοχασμός,Δραστηριότητα 9,Experiment,Moderate,262,,,0.0,0.0,37.0,Εξάρτηση περιόδου από μάζα,Εξάρτηση περιόδου από μάζα,Εξάρτηση περιόδου από μάζα
Αναστοχασμός,Δραστηριότητα 9,Experiment,Low,69,,,0.0,0.0,49.5,Εξάρτηση περιόδου από μάζα,Εξάρτηση περιόδου από μάζα,Εξάρτηση περιόδου από μάζα
Αναστοχασμός,Δραστηριότητα 10,Question,High,194,152,42,78.4,21.6,26.5,Επεξήγηση Δραστηριότητας 10,Επεξήγηση Δραστηριότητας 10,Δραστηριότητα 11
Αναστοχασμός,Δραστηριότητα 10,Question,Moderate,285,158,127,55.4,44.6,22.6,Επεξήγηση Δραστηριότητας 10,Επεξήγηση Δραστηριότητας 10,Δραστηριότητα 11
Αναστοχασμός,Δραστηριότητα 10,Question,Low,90,17,73,18.9,81.1,19.8,Επεξήγηση Δραστηριότητας 10,Επεξήγηση Δραστηριότητας 10,Δραστηριότητα 11
Αναστοχασμός,Δραστηριότητα 11,Question,High,194,194,0,100.0,0.0,21.2,Επεξήγηση Δραστηριότητας 11,Επεξήγηση Δραστηριότητας 11,Επεξήγηση Δραστηριότητας 11
Αναστοχασμός,Δραστηριότητα 11,Question,Moderate,283,138,145,48.8,51.2,19.1,Επεξήγηση Δραστηριότητας 11,Επεξήγηση Δραστηριότητας 11,Επεξήγηση Δραστηριότητας 11
Αναστοχασμός,Δραστηριότητα 11,Question,Low,84,12,72,14.3,85.7,17.9,Επεξήγηση Δραστηριότητας 11,Επεξήγηση Δραστηριότητας 11,Επεξήγηση Δραστηριότητας 11
Αναστοχασμός,Επεξήγηση Δραστηριότητας 9,Explanation,High,1,,,0.0,0.0,9.0,Δραστηριότητα 10,Δραστηριότητα 10,Δραστηριότητα 10
Αναστοχασμός,Επεξήγηση Δραστηριότητας 9,Explanation,Moderate,103,,,0.0,0.0,12.1,Δραστηριότητα 10,Δραστηριότητα 10,Δραστηριότητα 10
Αναστοχασμός,Επεξήγηση Δραστηριότητας 9,Explanation,Low,37,,,0.0,0.0,15.8,Δραστηριότητα 10,Δραστηριότητα 10,Δραστηριότητα 10
Αναστοχασμός,Επεξήγηση Δραστηριότητας 10,Explanation,High,45,,,0.0,0.0,9.0,Δραστηριότητα 11,Δραστηριότητα 11,Δραστηριότητα 11
Αναστοχασμός,Επεξήγηση Δραστηριότητας 10,Explanation,Moderate,110,,,0.0,0.0,10.1,Δραστηριότητα 11,Δραστηριότητα 11,Δραστηριότητα 11
Αναστοχασμός,Επεξήγηση Δραστηριότητας 10,Explanation,Low,30,,,0.0,0.0,7.6,Δραστηριότητα 11,Δραστηριότητα 11,Δραστηριότητα 11
Αναστοχασμός,Επεξήγηση Δραστηριότητας 11,Explanation,High,190,,,0.0,0.0,13.7,,,
Αναστοχασμός,Επεξήγηση Δραστηριότητας 11,Explanation,Moderate,250,,,0.0,0.0,10.8,,,
Αναστοχασμός,Επεξήγηση Δραστηριότητας 11,Explanation,Low,35,,,0.0,0.0,8.1,,,
Αναστοχασμός,Εξάρτηση περιόδου από μάζα,Question,High,194,194,0,100.0,0.0,21.7,Επεξήγηση Δραστηριότητας 9,Επεξήγηση Δραστηριότητας 9,Δραστηριότητα 10
Αναστοχασμός,Εξάρτηση περιόδου από μάζα,Question,Moderate,255,153,102,60.0,40.0,17.6,Επεξήγηση Δραστηριότητας 9,Επεξήγηση Δραστηριότητας 9,Δραστηριότητα 10
Αναστοχασμός,Εξάρτηση περιόδου από μάζα,Question,Low,52,8,44,15.4,84.6,17.6,Επεξήγηση Δραστηριότητας 9,Επεξήγηση Δραστηριότητας 9,Δραστηριότητα 10
